timestamp,currentOutsideTemperature,currentCloudinessPercent,sunset,sunrise,rain,panelCurrentPower
2024-08-26 15:00,33.93,100,2024-08-26T17:27:43.000Z,2024-08-26T03:53:10.000Z,,0
2024-08-26 16:00,35.52,98,2024-08-26T17:27:43.000Z,2024-08-26T03:53:10.000Z,,0.034106328000000026
2024-08-26 20:00,28.29,88,2024-08-26T17:27:43.000Z,2024-08-26T03:53:10.000Z,,0
2024-08-26 22:01,26.07,100,2024-08-26T17:27:43.000Z,2024-08-26T03:53:10.000Z,,0
2024-08-26 23:00,24.4,87,2024-08-26T17:27:43.000Z,2024-08-26T03:53:10.000Z,,0
2024-08-27 00:00,25.52,66,2024-08-26T17:27:43.000Z,2024-08-26T03:53:10.000Z,,0
2024-08-27 01:00,25.52,70,2024-08-27T17:25:56.000Z,2024-08-27T03:54:23.000Z,,0
2024-08-27 09:00,27.18,91,2024-08-27T17:25:56.000Z,2024-08-27T03:54:23.000Z,,0.16023274199999996
2024-08-27 10:00,27.74,69,2024-08-27T17:25:56.000Z,2024-08-27T03:54:23.000Z,,0.5503381020000002
2024-08-27 12:00,34.65,81,2024-08-27T17:25:56.000Z,2024-08-27T03:54:23.000Z,,0.3254920019999999
2024-08-27 13:00,36.18,85,2024-08-27T17:25:56.000Z,2024-08-27T03:54:23.000Z,,0.2549029500000001
2024-08-27 14:00,31.61,98,2024-08-27T17:25:56.000Z,2024-08-27T03:54:23.000Z,,0.03481012800000003
2024-08-27 15:00,32.39,100,2024-08-27T17:25:56.000Z,2024-08-27T03:54:23.000Z,,0
2024-08-27 16:00,34.57,77,2024-08-27T17:25:56.000Z,2024-08-27T03:54:23.000Z,,0.39418057799999995
2024-08-27 17:00,32.27,63,2024-08-27T17:25:56.000Z,2024-08-27T03:54:23.000Z,,0.6417662580000001
2024-08-27 18:00,34.33,72,2024-08-27T17:25:56.000Z,2024-08-27T03:54:23.000Z,,0.48047428800000014
2024-08-27 19:00,27.18,64,2024-08-27T17:25:56.000Z,2024-08-27T03:54:23.000Z,,0.6409134719999999
2024-08-27 20:00,28.81,70,2024-08-27T17:25:56.000Z,2024-08-27T03:54:23.000Z,,0
2024-08-27 21:00,26.16,100,2024-08-27T17:25:56.000Z,2024-08-27T03:54:23.000Z,,0
2024-08-27 22:00,25.06,80,2024-08-27T17:25:55.000Z,2024-08-27T03:54:23.000Z,,0
2024-08-27 23:00,24.51,78,2024-08-27T17:25:55.000Z,2024-08-27T03:54:23.000Z,,0
2024-08-28 09:00,26.07,9,2024-08-28T17:24:08.000Z,2024-08-28T03:55:36.000Z,,1.629087642
2024-08-28 10:00,27.74,7,2024-08-28T17:24:08.000Z,2024-08-28T03:55:36.000Z,,1.650910518
2024-08-28 11:00,29.4,9,2024-08-28T17:24:08.000Z,2024-08-28T03:55:36.000Z,,1.601814942
2024-08-28 12:00,31.07,9,2024-08-28T17:24:08.000Z,2024-08-28T03:55:36.000Z,,1.588137642
2024-08-28 13:00,31.63,8,2024-08-28T17:24:08.000Z,2024-08-28T03:55:36.000Z,,1.600951248
2024-08-28 14:00,31.71,8,2024-08-28T17:24:08.000Z,2024-08-28T03:55:36.000Z,,1.6002888480000002
2024-08-28 15:00,32.82,9,2024-08-28T17:24:08.000Z,2024-08-28T03:55:36.000Z,,1.573805142
2024-08-28 16:00,33.38,9,2024-08-28T17:24:08.000Z,2024-08-28T03:55:36.000Z,,1.569218742
2024-08-28 17:00,33.38,24,2024-08-28T17:24:08.000Z,2024-08-28T03:55:36.000Z,,1.3105768320000002
2024-08-28 18:00,32.18,38,2024-08-28T17:24:08.000Z,2024-08-28T03:55:36.000Z,,1.075866408
2024-08-28 19:00,31.63,51,2024-08-28T17:24:08.000Z,2024-08-28T03:55:36.000Z,,0.852718482
2024-08-28 20:00,28.29,56,2024-08-28T17:24:08.000Z,2024-08-28T03:55:36.000Z,,0
2024-08-28 21:00,26.07,100,2024-08-28T17:24:08.000Z,2024-08-28T03:55:36.000Z,,0
2024-08-28 22:00,24.4,100,2024-08-28T17:24:08.000Z,2024-08-28T03:55:36.000Z,,0
2024-08-28 23:00,22.74,84,2024-08-28T17:24:08.000Z,2024-08-28T03:55:36.000Z,,0
2024-08-29 00:00,22.18,68,2024-08-29T17:22:19.000Z,2024-08-29T03:56:48.000Z,,0
2024-08-29 01:00,25.04,61,2024-08-29T17:22:19.000Z,2024-08-29T03:56:48.000Z,,0
2024-08-29 02:00,19.96,50,2024-08-29T17:22:19.000Z,2024-08-29T03:56:48.000Z,,0
2024-08-29 03:00,19.96,57,2024-08-29T17:22:19.000Z,2024-08-29T03:56:48.000Z,,0
2024-08-29 04:00,19.4,50,2024-08-29T17:22:19.000Z,2024-08-29T03:56:48.000Z,,0
2024-08-29 05:00,18.85,36,2024-08-29T17:22:19.000Z,2024-08-29T03:56:48.000Z,,0
2024-08-29 06:00,22.27,28,2024-08-29T17:22:19.000Z,2024-08-29T03:56:48.000Z,,1.278402912
2024-08-29 07:00,22.82,22,2024-08-29T17:22:19.000Z,2024-08-29T03:56:48.000Z,,1.388805912
2024-08-29 08:00,24.4,20,2024-08-29T17:22:19.000Z,2024-08-29T03:56:48.000Z,,1.4357952
2024-08-29 09:00,27.74,0,2024-08-29T17:22:19.000Z,2024-08-29T03:56:48.000Z,,1.77516
2024-08-29 10:00,29.4,1,2024-08-29T17:22:19.000Z,2024-08-29T03:56:48.000Z,,1.7426195820000001
2024-08-29 11:00,28.4,1,2024-08-29T17:22:19.000Z,2024-08-29T03:56:49.000Z,,1.751529582
2024-08-29 12:00,30.06,1,2024-08-29T17:22:19.000Z,2024-08-29T03:56:49.000Z,,1.736738982
2024-08-29 13:00,31.71,1,2024-08-29T17:22:19.000Z,2024-08-29T03:56:48.000Z,,1.722037482
2024-08-29 14:00,32.74,0,2024-08-29T17:22:19.000Z,2024-08-29T03:56:48.000Z,,1.73016
2024-08-29 15:00,33.85,0,2024-08-29T17:22:19.000Z,2024-08-29T03:56:48.000Z,,1.72017
2024-08-29 16:00,33.29,3,2024-08-29T17:22:19.000Z,2024-08-29T03:56:48.000Z,,1.673458938
2024-08-29 17:00,33.29,4,2024-08-29T17:22:19.000Z,2024-08-29T03:56:48.000Z,,1.656208512
2024-08-29 18:00,32.74,13,2024-08-29T17:22:19.000Z,2024-08-29T03:56:48.000Z,,1.505259558
2024-08-29 19:00,32.27,32,2024-08-29T17:22:19.000Z,2024-08-29T03:56:48.000Z,,1.179424368
2024-08-29 21:00,26.63,0,2024-08-29T17:22:19.000Z,2024-08-29T03:56:48.000Z,,0
2024-08-29 22:00,25.52,2,2024-08-29T17:22:19.000Z,2024-08-29T03:56:48.000Z,,0
2024-08-29 23:00,23.85,1,2024-08-29T17:22:19.000Z,2024-08-29T03:56:48.000Z,,0
2024-08-30 00:00,22.18,1,2024-08-30T17:20:30.000Z,2024-08-30T03:58:01.000Z,,0
2024-08-30 01:00,22.74,1,2024-08-30T17:20:30.000Z,2024-08-30T03:58:01.000Z,,0
2024-08-30 02:00,22.18,3,2024-08-30T17:20:30.000Z,2024-08-30T03:58:01.000Z,,0
2024-08-30 03:00,19.96,3,2024-08-30T17:20:30.000Z,2024-08-30T03:58:01.000Z,,0
2024-08-30 04:00,19.4,3,2024-08-30T17:20:30.000Z,2024-08-30T03:58:01.000Z,,0
2024-08-30 05:00,18.29,5,2024-08-30T17:20:30.000Z,2024-08-30T03:58:01.000Z,,0
2024-08-30 06:00,18.85,7,2024-08-30T17:20:30.000Z,2024-08-30T03:58:01.000Z,,1.6226801819999999
2024-08-30 07:00,19.4,8,2024-08-30T17:20:30.000Z,2024-08-30T03:58:01.000Z,,1.6097843520000001
2024-08-30 08:00,22.74,14,2024-08-30T17:20:30.000Z,2024-08-30T03:58:01.000Z,,1.530640728
2024-08-30 09:00,26.63,30,2024-08-30T17:20:30.000Z,2024-08-30T03:58:01.000Z,,1.2496428
2024-08-30 10:00,27.74,51,2024-08-30T17:20:30.000Z,2024-08-30T03:58:01.000Z,,0.869873382
2024-08-30 11:00,28.85,33,2024-08-30T17:20:30.000Z,2024-08-30T03:58:01.000Z,,1.1827036979999999
2024-08-30 12:00,30.52,25,2024-08-30T17:20:30.000Z,2024-08-30T03:58:01.000Z,,1.31263875
2024-08-30 13:00,31.63,20,2024-08-30T17:20:30.000Z,2024-08-30T03:58:01.000Z,,1.3921488000000002
2024-08-30 14:00,34.76,17,2024-08-30T17:20:30.000Z,2024-08-30T03:58:01.000Z,,1.420968798
2024-08-30 15:00,32.74,73,2024-08-30T17:20:30.000Z,2024-08-30T03:58:01.000Z,,0.467178678
2024-08-30 16:00,32.18,61,2024-08-30T17:20:30.000Z,2024-08-30T03:58:01.000Z,,0.676770822
2024-08-30 17:00,32.18,62,2024-08-30T17:20:30.000Z,2024-08-30T03:58:01.000Z,,0.6594184080000001
2024-08-30 18:00,31.63,61,2024-08-30T17:20:30.000Z,2024-08-30T03:58:01.000Z,,0.678701322
2024-08-30 19:00,30.52,64,2024-08-30T17:20:30.000Z,2024-08-30T03:58:01.000Z,,0.630091872
2024-08-30 20:00,26.07,39,2024-08-30T17:20:30.000Z,2024-08-30T03:58:01.000Z,,0
2024-08-30 21:00,23.85,51,2024-08-30T17:20:30.000Z,2024-08-30T03:58:01.000Z,,0
2024-08-30 22:00,23.29,37,2024-08-30T17:20:30.000Z,2024-08-30T03:58:01.000Z,,0
2024-08-30 23:00,21.63,25,2024-08-30T17:20:30.000Z,2024-08-30T03:58:01.000Z,,0
2024-08-31 00:00,19.4,20,2024-08-31T17:18:40.000Z,2024-08-31T03:59:14.000Z,,0
2024-08-31 01:00,18.85,17,2024-08-31T17:18:40.000Z,2024-08-31T03:59:14.000Z,,0
2024-08-31 02:00,18.29,13,2024-08-31T17:18:40.000Z,2024-08-31T03:59:14.000Z,,0
2024-08-31 03:00,19.4,7,2024-08-31T17:18:40.000Z,2024-08-31T03:59:14.000Z,,0
2024-08-31 04:00,17.18,4,2024-08-31T17:18:40.000Z,2024-08-31T03:59:14.000Z,,0
2024-08-31 05:00,17.74,4,2024-08-31T17:18:40.000Z,2024-08-31T03:59:14.000Z,,0
2024-08-31 06:00,16.63,3,2024-08-31T17:18:40.000Z,2024-08-31T03:59:14.000Z,,1.673099262
2024-08-31 07:00,19.4,2,2024-08-31T17:18:40.000Z,2024-08-31T03:59:14.000Z,,1.714780872
2024-08-31 08:00,23.29,4,2024-08-31T17:18:40.000Z,2024-08-31T03:59:14.000Z,,1.713391488
2024-08-31 09:00,26.63,5,2024-08-31T17:18:40.000Z,2024-08-31T03:59:14.000Z,,1.69590105
2024-08-31 10:00,28.85,3,2024-08-31T17:18:40.000Z,2024-08-31T03:59:14.000Z,,1.712220138
2024-08-31 11:00,30.52,2,2024-08-31T17:18:40.000Z,2024-08-31T03:59:14.000Z,,1.715140728
2024-08-31 12:00,32.18,2,2024-08-31T17:18:40.000Z,2024-08-31T03:59:14.000Z,,1.7004995280000001
2024-08-31 13:00,32.74,2,2024-08-31T17:18:40.000Z,2024-08-31T03:59:14.000Z,,1.695560328
2024-08-31 14:00,33.29,0,2024-08-31T17:18:40.000Z,2024-08-31T03:59:14.000Z,,1.7252100000000001
2024-08-31 15:00,33.29,2,2024-08-31T17:18:40.000Z,2024-08-31T03:59:14.000Z,,1.690709328
2024-08-31 16:00,34.4,6,2024-08-31T17:18:40.000Z,2024-08-31T03:59:14.000Z,,1.612316952
2024-08-31 17:00,33.29,8,2024-08-31T17:18:40.000Z,2024-08-31T03:59:14.000Z,,1.587206448
2024-08-31 18:00,32.74,8,2024-08-31T17:18:40.000Z,2024-08-31T03:59:14.000Z,,1.591760448
2024-08-31 19:00,30.52,6,2024-08-31T17:18:40.000Z,2024-08-31T03:59:14.000Z,,1.645141752
2024-08-31 20:00,26.63,7,2024-08-31T17:18:40.000Z,2024-08-31T03:59:14.000Z,,0
2024-08-31 21:00,24.4,33,2024-08-31T17:18:40.000Z,2024-08-31T03:59:14.000Z,,0
2024-08-31 22:00,25.52,33,2024-08-31T17:18:40.000Z,2024-08-31T03:59:14.000Z,,0
2024-08-31 23:00,27.82,27,2024-08-31T17:18:40.000Z,2024-08-31T03:59:14.000Z,,0
2024-09-01 00:00,26.71,22,2024-09-01T17:16:49.000Z,2024-09-01T04:00:26.000Z,,0
2024-09-01 01:00,20.52,19,2024-09-01T17:16:49.000Z,2024-09-01T04:00:26.000Z,,0
2024-09-01 02:00,20.52,6,2024-09-01T17:16:49.000Z,2024-09-01T04:00:26.000Z,,0
2024-09-01 03:00,19.96,5,2024-09-01T17:16:49.000Z,2024-09-01T04:00:26.000Z,,0
2024-09-01 04:00,24.49,5,2024-09-01T17:16:49.000Z,2024-09-01T04:00:26.000Z,,0
2024-09-01 05:00,18.29,8,2024-09-01T17:16:49.000Z,2024-09-01T04:00:26.000Z,,0
2024-09-01 06:00,17.74,8,2024-09-01T17:16:49.000Z,2024-09-01T04:00:26.000Z,,0
2024-09-01 07:00,22.27,8,2024-09-01T17:16:49.000Z,2024-09-01T04:00:26.000Z,,1.6335479520000002
2024-09-01 08:00,22.27,11,2024-09-01T17:16:49.000Z,2024-09-01T04:00:26.000Z,,1.580275278
2024-09-01 09:00,26.07,14,2024-09-01T17:16:49.000Z,2024-09-01T04:00:26.000Z,,1.539585072
2024-09-01 10:00,30.55,12,2024-09-01T17:16:49.000Z,2024-09-01T04:00:26.000Z,,1.539904608
2024-09-01 11:00,29.96,10,2024-09-01T17:16:49.000Z,2024-09-01T04:00:26.000Z,,1.5796782000000003
2024-09-01 12:00,31.63,9,2024-09-01T17:16:49.000Z,2024-09-01T04:00:26.000Z,,1.5835512420000002
2024-09-01 13:00,32.74,8,2024-09-01T17:16:49.000Z,2024-09-01T04:00:26.000Z,,1.591760448
2024-09-01 14:00,33.29,16,2024-09-01T17:16:49.000Z,2024-09-01T04:00:26.000Z,,1.4492005920000002
2024-09-01 15:00,33.29,5,2024-09-01T17:16:49.000Z,2024-09-01T04:00:26.000Z,,1.63895805
2024-09-01 16:00,33.29,2,2024-09-01T17:16:49.000Z,2024-09-01T04:00:26.000Z,,1.690709328
2024-09-01 17:00,32.74,2,2024-09-01T17:16:49.000Z,2024-09-01T04:00:26.000Z,,1.695560328
2024-09-01 18:00,32.74,1,2024-09-01T17:16:49.000Z,2024-09-01T04:00:26.000Z,,1.712860182
2024-09-01 19:00,29.4,8,2024-09-01T17:16:49.000Z,2024-09-01T04:00:26.000Z,,1.6194156480000002
2024-09-01 20:00,26.63,4,2024-09-01T17:16:49.000Z,2024-09-01T04:00:26.000Z,,0
2024-09-01 21:00,27.18,9,2024-09-01T17:16:49.000Z,2024-09-01T04:00:26.000Z,,0
2024-09-01 22:00,26.07,38,2024-09-01T17:16:49.000Z,2024-09-01T04:00:26.000Z,,0
2024-09-01 23:00,21.07,27,2024-09-01T17:16:49.000Z,2024-09-01T04:00:26.000Z,,0
2024-09-02 00:00,22.82,22,2024-09-02T17:14:58.000Z,2024-09-02T04:01:39.000Z,,0
2024-09-02 01:00,19.96,17,2024-09-02T17:14:58.000Z,2024-09-02T04:01:39.000Z,,0
2024-09-02 15:00,32.74,94,2024-09-02T17:14:58.000Z,2024-09-02T04:01:39.000Z,,0.10381975200000008
2024-09-02 17:00,32.74,100,2024-09-02T17:14:58.000Z,2024-09-02T04:01:39.000Z,,0
2024-09-02 18:00,31.63,100,2024-09-02T17:14:58.000Z,2024-09-02T04:01:39.000Z,,0
2024-09-02 19:00,28.29,100,2024-09-02T17:14:58.000Z,2024-09-02T04:01:39.000Z,,0
2024-09-02 20:00,28.93,100,2024-09-02T17:14:58.000Z,2024-09-02T04:01:39.000Z,,0
2024-09-02 21:00,27.27,100,2024-09-02T17:14:58.000Z,2024-09-02T04:01:39.000Z,,0
2024-09-02 22:00,23.29,71,2024-09-02T17:14:58.000Z,2024-09-02T04:01:39.000Z,,0
2024-09-02 23:00,23.85,56,2024-09-02T17:14:58.000Z,2024-09-02T04:01:39.000Z,,0
2024-09-03 00:00,22.74,51,2024-09-03T17:13:06.000Z,2024-09-03T04:02:51.000Z,,0
2024-09-03 01:00,21.63,59,2024-09-03T17:13:06.000Z,2024-09-03T04:02:51.000Z,,0
2024-09-03 02:00,19.96,66,2024-09-03T17:13:06.000Z,2024-09-03T04:02:51.000Z,,0
2024-09-03 03:00,21.7,99,2024-09-03T17:13:06.000Z,2024-09-03T04:02:51.000Z,,0
2024-09-03 04:00,19.4,100,2024-09-03T17:13:06.000Z,2024-09-03T04:02:51.000Z,,0
2024-09-03 05:00,19.4,99,2024-09-03T17:13:06.000Z,2024-09-03T04:02:51.000Z,,0
2024-09-03 06:00,18.29,79,2024-09-03T17:13:06.000Z,2024-09-03T04:02:51.000Z,,0
2024-09-03 07:00,22.82,67,2024-09-03T17:13:06.000Z,2024-09-03T04:02:51.000Z,,0.587545002
2024-09-03 09:00,28.4,34,2024-09-03T17:13:06.000Z,2024-09-03T04:02:52.000Z,,1.1677255919999998
2024-09-03 09:11,26.1,34,2024-09-03T17:13:06.000Z,2024-09-03T04:02:51.000Z,,1.181387592
2024-09-03 09:18,26.63,34,2024-09-03T17:13:06.000Z,2024-09-03T04:02:51.000Z,,1.178239392
2024-09-03 09:23,27.18,34,2024-09-03T17:13:06.000Z,2024-09-03T04:02:51.000Z,,1.174972392
2024-09-03 10:00,28.29,33,2024-09-03T17:13:06.000Z,2024-09-03T04:02:51.000Z,,1.186080498
2024-09-03 11:00,31.07,26,2024-09-03T17:13:06.000Z,2024-09-03T04:02:51.000Z,,1.291475232
2024-09-03 12:00,32.74,36,2024-09-03T17:13:06.000Z,2024-09-03T04:02:51.000Z,,1.1073438720000002
2024-09-03 13:00,33.85,77,2024-09-03T17:13:06.000Z,2024-09-03T04:02:51.000Z,,0.39567097799999995
2024-09-03 14:00,35.06,86,2024-09-03T17:13:06.000Z,2024-09-03T04:02:52.000Z,,0.23932087200000007
2024-09-03 15:00,35.06,38,2024-09-03T17:13:06.000Z,2024-09-03T04:02:52.000Z,,1.0597960080000002
2024-09-03 16:00,35.06,46,2024-09-03T17:13:06.000Z,2024-09-03T04:02:52.000Z,,0.923055912
2024-09-03 17:00,36.13,41,2024-09-03T17:13:06.000Z,2024-09-03T04:02:52.000Z,,1.0028370420000003
2024-09-03 18:00,34.51,31,2024-09-03T17:13:06.000Z,2024-09-03T04:02:52.000Z,,1.182857202
2024-09-03 19:00,34.51,25,2024-09-03T17:13:06.000Z,2024-09-03T04:02:52.000Z,,1.28570625
2024-09-03 20:00,29.51,6,2024-09-03T17:13:06.000Z,2024-09-03T04:02:52.000Z,,0
2024-09-03 21:00,26.07,6,2024-09-03T17:13:06.000Z,2024-09-03T04:02:51.000Z,,0
2024-09-03 22:00,23.85,7,2024-09-03T17:13:06.000Z,2024-09-03T04:02:51.000Z,,0
2024-09-03 23:00,25.52,7,2024-09-03T17:13:06.000Z,2024-09-03T04:02:51.000Z,,0
2024-09-04 00:00,22.74,7,2024-09-04T17:11:14.000Z,2024-09-04T04:04:03.000Z,,0
2024-09-04 01:00,21.07,6,2024-09-04T17:11:14.000Z,2024-09-04T04:04:03.000Z,,0
2024-09-04 02:00,25.6,11,2024-09-04T17:11:14.000Z,2024-09-04T04:04:03.000Z,,0
2024-09-04 03:00,25.06,43,2024-09-04T17:11:13.000Z,2024-09-04T04:04:04.000Z,,0
2024-09-04 04:00,21.62,42,2024-09-04T17:11:13.000Z,2024-09-04T04:04:04.000Z,,0
2024-09-04 05:00,23.38,32,2024-09-04T17:11:14.000Z,2024-09-04T04:04:03.000Z,,0
2024-09-04 06:00,23.4,23,2024-09-04T17:11:13.000Z,2024-09-04T04:04:04.000Z,,0
2024-09-04 07:00,23.38,20,2024-09-04T17:11:14.000Z,2024-09-04T04:04:03.000Z,,1.4284512
2024-09-04 08:00,21.71,12,2024-09-04T17:11:14.000Z,2024-09-04T04:04:03.000Z,,1.558082592
2024-09-04 09:00,25.52,13,2024-09-04T17:11:14.000Z,2024-09-04T04:04:03.000Z,,1.561792158
2024-09-04 10:00,27.74,13,2024-09-04T17:11:14.000Z,2024-09-04T04:04:03.000Z,,1.5444095580000001
2024-09-04 11:00,31.18,18,2024-09-04T17:11:13.000Z,2024-09-04T04:04:04.000Z,,1.4302705680000003
2024-09-04 12:00,30.52,17,2024-09-04T17:11:14.000Z,2024-09-04T04:04:03.000Z,,1.452641598
2024-09-04 13:00,32.27,16,2024-09-04T17:11:14.000Z,2024-09-04T04:04:03.000Z,,1.4569117919999999
2024-09-04 14:00,33.85,22,2024-09-04T17:11:14.000Z,2024-09-04T04:04:03.000Z,,1.341763488
2024-09-04 15:00,33.85,33,2024-09-04T17:11:14.000Z,2024-09-04T04:04:03.000Z,,1.152553698
2024-09-04 16:00,34.96,25,2024-09-04T17:11:14.000Z,2024-09-04T04:04:03.000Z,,1.28266875
2024-09-04 17:00,32.74,22,2024-09-04T17:11:14.000Z,2024-09-04T04:04:03.000Z,,1.3495556880000001
2024-09-04 18:00,34.51,23,2024-09-04T17:11:13.000Z,2024-09-04T04:04:04.000Z,,1.3199889780000003
2024-09-04 19:00,28.85,36,2024-09-04T17:11:14.000Z,2024-09-04T04:04:03.000Z,,1.129750272
2024-09-04 20:00,24.96,21,2024-09-04T17:11:14.000Z,2024-09-04T04:04:03.000Z,,0
2024-09-04 21:00,27.27,1,2024-09-04T17:11:14.000Z,2024-09-04T04:04:03.000Z,,0
2024-09-04 22:00,23.29,0,2024-09-04T17:11:14.000Z,2024-09-04T04:04:03.000Z,,0
2024-09-04 23:00,26.18,0,2024-09-04T17:11:13.000Z,2024-09-04T04:04:04.000Z,,0
2024-09-05 00:00,22.74,0,2024-09-05T17:09:21.000Z,2024-09-05T04:05:16.000Z,,0
2024-09-05 01:00,22.18,0,2024-09-05T17:09:21.000Z,2024-09-05T04:05:16.000Z,,0
2024-09-05 02:00,21.63,1,2024-09-05T17:09:21.000Z,2024-09-05T04:05:16.000Z,,0
2024-09-05 03:00,20.52,0,2024-09-05T17:09:21.000Z,2024-09-05T04:05:16.000Z,,0
2024-09-05 04:00,19.96,0,2024-09-05T17:09:21.000Z,2024-09-05T04:05:16.000Z,,0
2024-09-05 05:00,19.4,0,2024-09-05T17:09:21.000Z,2024-09-05T04:05:16.000Z,,0
2024-09-05 06:00,19.4,0,2024-09-05T17:09:21.000Z,2024-09-05T04:05:16.000Z,,0
2024-09-05 07:00,19.96,0,2024-09-05T17:09:21.000Z,2024-09-05T04:05:16.000Z,,1.75482
2024-09-05 08:00,20.62,0,2024-09-05T17:09:21.000Z,2024-09-05T04:05:16.000Z,,1.7607599999999999
2024-09-05 09:00,25.52,0,2024-09-05T17:09:21.000Z,2024-09-05T04:05:16.000Z,,1.79514
2024-09-05 10:00,26.63,0,2024-09-05T17:09:21.000Z,2024-09-05T04:05:16.000Z,,1.78515
2024-09-05 11:00,28.85,0,2024-09-05T17:09:21.000Z,2024-09-05T04:05:16.000Z,,1.7651700000000001
2024-09-05 12:00,29.4,0,2024-09-05T17:09:21.000Z,2024-09-05T04:05:16.000Z,,1.7602200000000001
2024-09-05 14:00,31.63,0,2024-09-05T17:09:21.000Z,2024-09-05T04:05:16.000Z,,1.74015
2024-09-05 15:00,32.18,0,2024-09-05T17:09:21.000Z,2024-09-05T04:05:16.000Z,,1.7352
2024-09-05 16:00,31.63,0,2024-09-05T17:09:21.000Z,2024-09-05T04:05:16.000Z,,1.74015
2024-09-05 17:00,34.7,1,2024-09-05T17:09:21.000Z,2024-09-05T04:05:16.000Z,,1.695396582
2024-09-05 18:00,31.07,2,2024-09-05T17:09:21.000Z,2024-09-05T04:05:16.000Z,,1.710289728
2024-09-05 19:00,26.63,2,2024-09-05T17:09:21.000Z,2024-09-05T04:05:16.000Z,,1.749450528
2024-09-05 20:00,24.4,0,2024-09-05T17:09:21.000Z,2024-09-05T04:05:16.000Z,,0
2024-09-05 21:00,24.96,6,2024-09-05T17:09:21.000Z,2024-09-05T04:05:16.000Z,,0
2024-09-05 22:00,23.85,25,2024-09-05T17:09:21.000Z,2024-09-05T04:05:16.000Z,,0
2024-09-05 23:00,22.18,34,2024-09-05T17:09:21.000Z,2024-09-05T04:05:16.000Z,,0
2024-09-06 00:00,20.52,35,2024-09-06T17:07:27.000Z,2024-09-06T04:06:28.000Z,,0
2024-09-06 01:00,20.52,37,2024-09-06T17:07:27.000Z,2024-09-06T04:06:28.000Z,,0
2024-09-06 02:00,19.96,62,2024-09-06T17:07:27.000Z,2024-09-06T04:06:28.000Z,,0
2024-09-06 03:00,18.85,100,2024-09-06T17:07:27.000Z,2024-09-06T04:06:28.000Z,,0
2024-09-06 04:00,19.96,100,2024-09-06T17:07:27.000Z,2024-09-06T04:06:28.000Z,,0
2024-09-06 05:00,19.96,100,2024-09-06T17:07:27.000Z,2024-09-06T04:06:28.000Z,,0
2024-09-06 06:00,19.4,100,2024-09-06T17:07:27.000Z,2024-09-06T04:06:28.000Z,,0
2024-09-06 07:00,20.52,100,2024-09-06T17:07:27.000Z,2024-09-06T04:06:28.000Z,,0
2024-09-06 08:00,21.07,100,2024-09-06T17:07:27.000Z,2024-09-06T04:06:28.000Z,,0
2024-09-06 09:00,23.29,100,2024-09-06T17:07:27.000Z,2024-09-06T04:06:28.000Z,,0
2024-09-06 11:00,25.52,100,2024-09-06T17:07:27.000Z,2024-09-06T04:06:28.000Z,,0
2024-09-06 12:00,28.29,100,2024-09-06T17:07:27.000Z,2024-09-06T04:06:28.000Z,,0
2024-09-06 13:00,29.96,99,2024-09-06T17:07:27.000Z,2024-09-06T04:06:28.000Z,,0.017553582000000015
2024-09-06 14:00,29.96,93,2024-09-06T17:07:27.000Z,2024-09-06T04:06:28.000Z,,0.12287431799999991
2024-09-06 15:00,30.52,87,2024-09-06T17:07:27.000Z,2024-09-06T04:06:28.000Z,,0.227538558
2024-09-06 16:00,30.52,93,2024-09-06T17:07:27.000Z,2024-09-06T04:06:28.000Z,,0.12252151799999991
2024-09-06 17:00,29.4,96,2024-09-06T17:07:27.000Z,2024-09-06T04:06:28.000Z,,0.07041571200000006
2024-09-06 18:00,29.96,97,2024-09-06T17:07:27.000Z,2024-09-06T04:06:28.000Z,,0.052660638000000044
2024-09-06 19:00,29.4,90,2024-09-06T17:07:27.000Z,2024-09-06T04:06:28.000Z,,0.17603819999999998
2024-09-06 20:00,24.4,70,2024-09-06T17:07:27.000Z,2024-09-06T04:06:28.000Z,,0
2024-09-06 21:00,24.4,2,2024-09-06T17:07:27.000Z,2024-09-06T04:06:28.000Z,,0
2024-09-06 22:00,24.4,17,2024-09-06T17:07:27.000Z,2024-09-06T04:06:28.000Z,,0
2024-09-06 23:00,25.52,20,2024-09-06T17:07:27.000Z,2024-09-06T04:06:28.000Z,,0
2024-09-07 00:00,24.96,31,2024-09-07T17:05:33.000Z,2024-09-07T04:07:40.000Z,,0
2024-09-07 01:00,23.29,47,2024-09-07T17:05:33.000Z,2024-09-07T04:07:40.000Z,,0
2024-09-07 02:00,21.63,57,2024-09-07T17:05:33.000Z,2024-09-07T04:07:40.000Z,,0
2024-09-07 03:00,21.07,100,2024-09-07T17:05:33.000Z,2024-09-07T04:07:40.000Z,,0
2024-09-07 04:00,22.18,100,2024-09-07T17:05:33.000Z,2024-09-07T04:07:40.000Z,,0
2024-09-07 05:00,22.74,86,2024-09-07T17:05:33.000Z,2024-09-07T04:07:40.000Z,,0
2024-09-07 06:00,22.74,87,2024-09-07T17:05:33.000Z,2024-09-07T04:07:40.000Z,,0
2024-09-07 07:00,20.04,89,2024-09-07T17:05:33.000Z,2024-09-07T04:07:40.000Z,,0.19309177799999996
2024-09-07 08:00,23.29,93,2024-09-07T17:05:33.000Z,2024-09-07T04:07:40.000Z,,0.12492358199999992
2024-09-07 09:00,24.4,75,2024-09-07T17:05:33.000Z,2024-09-07T04:07:40.000Z,,0.44866124999999996
2024-09-07 10:00,24.4,58,2024-09-07T17:05:33.000Z,2024-09-07T04:07:40.000Z,,0.7537637520000001
2024-09-07 11:00,25.04,45,2024-09-07T17:05:33.000Z,2024-09-07T04:07:40.000Z,,0.9897475500000001
2024-09-07 12:00,25.04,35,2024-09-07T17:05:33.000Z,2024-09-07T04:07:40.000Z,,1.1696899500000002
2024-09-07 13:00,26.71,30,2024-09-07T17:05:33.000Z,2024-09-07T04:07:40.000Z,,1.2491388
2024-09-07 14:00,28.38,20,2024-09-07T17:05:33.000Z,2024-09-07T04:07:40.000Z,,1.4155488000000003
2024-09-07 16:00,30.52,6,2024-09-07T17:05:33.000Z,2024-09-07T04:07:40.000Z,,1.645141752
2024-09-07 17:00,30.52,15,2024-09-07T17:05:33.000Z,2024-09-07T04:07:40.000Z,,1.48764195
2024-09-07 18:00,29.4,17,2024-09-07T17:05:33.000Z,2024-09-07T04:07:40.000Z,,1.4610079980000001
2024-09-07 19:00,27.18,15,2024-09-07T17:05:33.000Z,2024-09-07T04:07:40.000Z,,1.51319295
2024-09-07 20:00,27.18,14,2024-09-07T17:05:33.000Z,2024-09-07T04:07:40.000Z,,0
2024-09-07 21:00,24.96,5,2024-09-07T17:05:33.000Z,2024-09-07T04:07:40.000Z,,0
2024-09-07 22:00,23.29,7,2024-09-07T17:05:33.000Z,2024-09-07T04:07:40.000Z,,0
2024-09-07 23:00,22.18,18,2024-09-07T17:05:33.000Z,2024-09-07T04:07:40.000Z,,0
2024-09-08 00:00,19.96,27,2024-09-08T17:03:39.000Z,2024-09-08T04:08:52.000Z,,0
2024-09-08 01:00,19.4,30,2024-09-08T17:03:39.000Z,2024-09-08T04:08:52.000Z,,0
2024-09-08 02:00,18.29,31,2024-09-08T17:03:39.000Z,2024-09-08T04:08:52.000Z,,0
2024-09-08 03:00,18.29,9,2024-09-08T17:03:39.000Z,2024-09-08T04:08:52.000Z,,0
2024-09-08 04:00,21.71,26,2024-09-08T17:03:39.000Z,2024-09-08T04:08:52.000Z,,0
2024-09-08 05:00,21.16,21,2024-09-08T17:03:39.000Z,2024-09-08T04:08:52.000Z,,0
2024-09-08 06:00,20.6,16,2024-09-08T17:03:39.000Z,2024-09-08T04:08:52.000Z,,0
2024-09-08 07:00,17.74,13,2024-09-08T17:03:39.000Z,2024-09-08T04:08:52.000Z,,1.509290442
2024-09-08 08:00,21.63,8,2024-09-08T17:03:39.000Z,2024-09-08T04:08:52.000Z,,1.628248752
2024-09-08 09:00,25.52,1,2024-09-08T17:03:39.000Z,2024-09-08T04:08:52.000Z,,1.7771903820000001
2024-09-08 10:00,27.18,1,2024-09-08T17:03:39.000Z,2024-09-08T04:08:52.000Z,,1.7623997820000001
2024-09-08 11:00,28.85,0,2024-09-08T17:03:39.000Z,2024-09-08T04:08:52.000Z,,1.7651700000000001
2024-09-08 12:00,29.96,2,2024-09-08T17:03:39.000Z,2024-09-08T04:08:52.000Z,,1.720079928
2024-09-08 13:00,30.52,1,2024-09-08T17:03:39.000Z,2024-09-08T04:08:52.000Z,,1.732640382
2024-09-08 14:00,30.52,0,2024-09-08T17:03:39.000Z,2024-09-08T04:08:52.000Z,,1.75014
2024-09-08 15:00,31.63,29,2024-09-08T17:03:39.000Z,2024-09-08T04:08:52.000Z,,1.2355435620000002
2024-09-08 16:00,31.63,44,2024-09-08T17:03:39.000Z,2024-09-08T04:08:52.000Z,,0.9745283520000002
2024-09-08 17:00,31.07,62,2024-09-08T17:03:39.000Z,2024-09-08T04:08:52.000Z,,0.6632146080000001
2024-09-08 18:00,30.52,65,2024-09-08T17:03:39.000Z,2024-09-08T04:08:52.000Z,,0.61258995
2024-09-08 19:00,27.74,58,2024-09-08T17:03:39.000Z,2024-09-08T04:08:52.000Z,,0.7456110480000001
2024-09-08 20:00,26.07,49,2024-09-08T17:03:39.000Z,2024-09-08T04:08:52.000Z,,0
2024-09-08 21:00,26.07,2,2024-09-08T17:03:39.000Z,2024-09-08T04:08:52.000Z,,0
2024-09-08 22:00,25.52,6,2024-09-08T17:03:39.000Z,2024-09-08T04:08:52.000Z,,0
2024-09-08 23:00,24.96,4,2024-09-08T17:03:39.000Z,2024-09-08T04:08:52.000Z,,0
2024-09-09 00:00,24.4,18,2024-09-09T17:01:45.000Z,2024-09-09T04:10:04.000Z,,0
2024-09-09 01:00,24.4,22,2024-09-09T17:01:45.000Z,2024-09-09T04:10:04.000Z,,0
2024-09-09 02:00,23.29,20,2024-09-09T17:01:45.000Z,2024-09-09T04:10:04.000Z,,0
2024-09-09 03:00,22.74,82,2024-09-09T17:01:45.000Z,2024-09-09T04:10:04.000Z,,0
2024-09-09 04:00,22.74,77,2024-09-09T17:01:45.000Z,2024-09-09T04:10:04.000Z,,0
2024-09-09 05:00,23.29,85,2024-09-09T17:01:45.000Z,2024-09-09T04:10:04.000Z,,0
2024-09-09 06:00,23.29,89,2024-09-09T17:01:45.000Z,2024-09-09T04:10:04.000Z,,0
2024-09-09 07:00,21.66,89,2024-09-09T17:01:44.000Z,2024-09-09T04:10:05.000Z,,0.19469557799999998
2024-09-09 08:00,22.74,95,2024-09-09T17:01:45.000Z,2024-09-09T04:10:04.000Z,,0.08898345000000007
2024-09-09 09:00,24.96,100,2024-09-09T17:01:45.000Z,2024-09-09T04:10:04.000Z,,0
2024-09-09 22:00,20.52,100,2024-09-09T17:01:45.000Z,2024-09-09T04:10:04.000Z,,0
2024-09-09 23:00,21.07,100,2024-09-09T17:01:45.000Z,2024-09-09T04:10:04.000Z,,0
2024-09-10 01:00,19.96,100,2024-09-10T16:59:50.000Z,2024-09-10T04:11:16.000Z,,0
2024-09-10 02:00,19.96,100,2024-09-10T16:59:50.000Z,2024-09-10T04:11:16.000Z,,0
2024-09-10 03:00,19.4,100,2024-09-10T16:59:50.000Z,2024-09-10T04:11:16.000Z,,0
2024-09-10 04:00,20.52,100,2024-09-10T16:59:50.000Z,2024-09-10T04:11:16.000Z,,0
2024-09-10 05:00,19.96,100,2024-09-10T16:59:50.000Z,2024-09-10T04:11:16.000Z,,0
2024-09-10 06:00,19.4,100,2024-09-10T16:59:50.000Z,2024-09-10T04:11:16.000Z,,0
2024-09-10 07:00,18.85,100,2024-09-10T16:59:50.000Z,2024-09-10T04:11:16.000Z,,0
2024-09-10 08:00,16.73,100,2024-09-10T16:59:49.000Z,2024-09-10T04:11:17.000Z,,0
2024-09-10 09:00,17.18,100,2024-09-10T16:59:50.000Z,2024-09-10T04:11:16.000Z,,0
2024-09-10 10:00,17.18,100,2024-09-10T16:59:50.000Z,2024-09-10T04:11:16.000Z,,0
2024-09-10 11:00,15.62,100,2024-09-10T16:59:49.000Z,2024-09-10T04:11:17.000Z,,0
2024-09-10 12:00,17.74,100,2024-09-10T16:59:50.000Z,2024-09-10T04:11:16.000Z,,0
2024-09-10 13:00,17.74,100,2024-09-10T16:59:50.000Z,2024-09-10T04:11:16.000Z,,0
2024-09-10 14:00,17.77,100,2024-09-10T16:59:49.000Z,2024-09-10T04:11:16.000Z,,0
2024-09-10 15:00,17.77,100,2024-09-10T16:59:49.000Z,2024-09-10T04:11:16.000Z,,0
2024-09-12 12:00,25.04,8,2024-09-12T16:55:59.000Z,2024-09-12T04:13:40.000Z,,1.6555164480000002
2024-09-12 14:00,28.38,7,2024-09-12T16:55:59.000Z,2024-09-12T04:13:40.000Z,,1.645553718
2024-09-12 15:00,28.93,10,2024-09-12T16:55:59.000Z,2024-09-12T04:13:40.000Z,,1.5880212000000002
2024-09-12 16:00,28.38,14,2024-09-12T16:55:59.000Z,2024-09-12T04:13:40.000Z,,1.5217056720000002
2024-09-12 17:00,28.95,34,2024-09-12T16:55:58.000Z,2024-09-12T04:13:40.000Z,,1.164458592
2024-09-16 20:00,11.63,100,2024-09-16T16:48:14.000Z,2024-09-16T04:18:29.000Z,,0
2024-09-16 22:00,9.96,100,2024-09-16T16:48:14.000Z,2024-09-16T04:18:29.000Z,,0
2024-11-11 19:24,5.09,59,2024-11-11T15:13:10.000Z,2024-11-11T05:32:02.000Z,,0
2024-11-11 19:25,5.09,59,2024-11-11T15:13:10.000Z,2024-11-11T05:32:02.000Z,,0
2024-11-12 11:04,6.95,91,2024-11-12T15:12:03.000Z,2024-11-12T05:33:26.000Z,,0.14738095799999995
2024-11-12 11:06,6.92,92,2024-11-12T15:12:04.000Z,2024-11-12T05:33:25.000Z,,0.13098355199999995
2024-11-12 12:00,7.38,91,2024-11-12T15:12:03.000Z,2024-11-12T05:33:26.000Z,,0.14772925799999995
2024-11-12 13:00,7.08,91,2024-11-12T15:12:03.000Z,2024-11-12T05:33:26.000Z,,0.14748625799999995
2024-11-12 14:00,7.27,97,2024-11-12T15:12:04.000Z,2024-11-12T05:33:25.000Z,,0.049213062000000043
2024-11-12 15:00,7.14,98,2024-11-12T15:12:03.000Z,2024-11-12T05:33:26.000Z,,0.03278527200000003
2024-11-12 16:00,6.97,99,2024-11-12T15:12:03.000Z,2024-11-12T05:33:26.000Z,,0.016377318000000012
2024-11-12 17:00,6.81,99,2024-11-12T15:12:04.000Z,2024-11-12T05:33:25.000Z,,0
2024-11-12 23:00,6.3,100,2024-11-12T15:12:03.000Z,2024-11-12T05:33:26.000Z,,0
2024-11-13 00:00,6.14,100,2024-11-12T15:12:03.000Z,2024-11-12T05:33:26.000Z,,0
2024-11-13 01:00,5.25,100,2024-11-13T15:10:57.000Z,2024-11-13T05:34:50.000Z,,0
2024-11-13 02:00,5.13,100,2024-11-13T15:10:57.000Z,2024-11-13T05:34:50.000Z,,0
2024-11-13 03:00,5.04,100,2024-11-13T15:10:57.000Z,2024-11-13T05:34:50.000Z,,0
2024-11-13 04:00,5.01,100,2024-11-13T15:10:57.000Z,2024-11-13T05:34:50.000Z,,0
2024-11-13 05:00,4.96,100,2024-11-13T15:10:57.000Z,2024-11-13T05:34:50.000Z,,0
2024-11-13 06:00,4.94,100,2024-11-13T15:10:57.000Z,2024-11-13T05:34:50.000Z,,0
2024-11-13 07:00,4.79,100,2024-11-13T15:10:57.000Z,2024-11-13T05:34:50.000Z,,0
2024-11-13 08:00,5.18,100,2024-11-13T15:10:57.000Z,2024-11-13T05:34:50.000Z,,0
2024-11-13 09:00,5.92,100,2024-11-13T15:10:57.000Z,2024-11-13T05:34:50.000Z,,0
2024-11-13 10:00,6.61,100,2024-11-13T15:10:57.000Z,2024-11-13T05:34:50.000Z,,0
2024-11-13 11:00,7.29,100,2024-11-13T15:10:57.000Z,2024-11-13T05:34:50.000Z,,0
2024-11-13 12:00,7.89,93,2024-11-13T15:10:57.000Z,2024-11-13T05:34:50.000Z,,0.11522158199999992
2024-11-13 13:00,8.06,91,2024-11-13T15:10:57.000Z,2024-11-13T05:34:50.000Z,,0.14828005799999994
2024-11-13 14:00,8.19,31,2024-11-13T15:10:57.000Z,2024-11-13T05:34:50.000Z,,1.137695598
2024-11-13 15:00,7.95,34,2024-11-13T15:10:57.000Z,2024-11-13T05:34:50.000Z,,1.086801408
2024-11-13 16:00,6.32,23,2024-11-13T15:10:57.000Z,2024-11-13T05:34:50.000Z,,1.2566543220000002
2024-11-13 17:00,5.16,19,2024-11-13T15:10:57.000Z,2024-11-13T05:34:50.000Z,,0
2024-11-13 18:00,4.4,17,2024-11-13T15:10:57.000Z,2024-11-13T05:34:50.000Z,,0
2024-11-13 20:00,3.37,0,2024-11-13T15:10:57.000Z,2024-11-13T05:34:50.000Z,,0
2024-11-13 21:00,2.85,0,2024-11-13T15:10:57.000Z,2024-11-13T05:34:50.000Z,,0
2024-11-13 22:00,2.05,0,2024-11-13T15:10:57.000Z,2024-11-13T05:34:50.000Z,,0
2024-11-13 23:00,1.61,1,2024-11-13T15:10:57.000Z,2024-11-13T05:34:50.000Z,,0
2024-11-14 00:00,1.28,10,2024-11-13T15:10:57.000Z,2024-11-13T05:34:50.000Z,,0
2024-11-14 01:00,2.47,74,2024-11-14T15:09:53.000Z,2024-11-14T05:36:13.000Z,,0
2024-11-14 02:00,2.18,100,2024-11-14T15:09:53.000Z,2024-11-14T05:36:13.000Z,,0
2024-11-14 03:00,1.78,100,2024-11-14T15:09:53.000Z,2024-11-14T05:36:13.000Z,,0
2024-11-14 04:00,1.63,100,2024-11-14T15:09:53.000Z,2024-11-14T05:36:13.000Z,,0
2024-11-14 05:00,1.64,100,2024-11-14T15:09:53.000Z,2024-11-14T05:36:13.000Z,,0
2024-11-14 06:00,1.66,100,2024-11-14T15:09:53.000Z,2024-11-14T05:36:13.000Z,,0
2024-11-14 07:00,1.4,100,2024-11-14T15:09:53.000Z,2024-11-14T05:36:13.000Z,,0
2024-11-14 08:00,2.22,99,2024-11-14T15:09:53.000Z,2024-11-14T05:36:13.000Z,,0.015949818000000015
2024-11-14 09:00,3.24,100,2024-11-14T15:09:53.000Z,2024-11-14T05:36:13.000Z,,0
2024-11-14 10:42,5.58,71,2024-11-14T15:09:53.000Z,2024-11-14T05:36:13.000Z,,0.4713289380000001
2024-11-14 11:00,5.58,71,2024-11-14T15:09:53.000Z,2024-11-14T05:36:13.000Z,,0.4713289380000001
2024-11-14 12:00,6.22,64,2024-11-14T15:09:53.000Z,2024-11-14T05:36:13.000Z,,0.5871761280000001
2024-11-14 13:00,6.12,94,2024-11-14T15:09:53.000Z,2024-11-14T05:36:13.000Z,,0.09780544800000009
2024-11-14 14:00,6.35,80,2024-11-14T15:09:54.000Z,2024-11-14T05:36:13.000Z,,0.3264371999999999
2024-11-15 01:00,-0.14,63,2024-11-15T15:08:52.000Z,2024-11-15T05:37:37.000Z,,0
2024-11-15 02:00,-0.43,57,2024-11-15T15:08:52.000Z,2024-11-15T05:37:37.000Z,,0
2024-11-15 03:00,-0.56,79,2024-11-15T15:08:52.000Z,2024-11-15T05:37:37.000Z,,0
2024-11-15 04:00,-0.72,89,2024-11-15T15:08:52.000Z,2024-11-15T05:37:37.000Z,,0
2024-11-15 05:00,-0.85,81,2024-11-15T15:08:52.000Z,2024-11-15T05:37:37.000Z,,0
2024-11-15 06:00,-0.6,72,2024-11-15T15:08:52.000Z,2024-11-15T05:37:37.000Z,,0
2024-11-15 07:00,0.82,74,2024-11-15T15:08:53.000Z,2024-11-15T05:37:36.000Z,,0.411430968
2024-11-15 08:00,1.64,100,2024-11-15T15:08:52.000Z,2024-11-15T05:37:37.000Z,,0
2024-11-15 09:00,2.34,100,2024-11-15T15:08:52.000Z,2024-11-15T05:37:37.000Z,,0
2024-11-15 10:00,2.95,100,2024-11-15T15:08:52.000Z,2024-11-15T05:37:37.000Z,,0
2024-11-15 11:00,3.36,100,2024-11-15T15:08:52.000Z,2024-11-15T05:37:37.000Z,,0
2024-11-15 12:00,4.14,100,2024-11-15T15:08:52.000Z,2024-11-15T05:37:37.000Z,,0
2024-11-15 13:00,4.57,100,2024-11-15T15:08:52.000Z,2024-11-15T05:37:37.000Z,,0
2024-11-15 14:00,5.06,100,2024-11-15T15:08:52.000Z,2024-11-15T05:37:37.000Z,,0
2024-11-15 15:00,5.28,100,2024-11-15T15:08:52.000Z,2024-11-15T05:37:37.000Z,,0
2024-11-15 16:00,5.02,100,2024-11-15T15:08:52.000Z,2024-11-15T05:37:37.000Z,,0
2024-11-15 17:00,4.88,100,2024-11-15T15:08:52.000Z,2024-11-15T05:37:37.000Z,,0
2024-11-15 18:00,4.95,100,2024-11-15T15:08:52.000Z,2024-11-15T05:37:37.000Z,,0
2024-11-15 19:00,4.67,100,2024-11-15T15:08:52.000Z,2024-11-15T05:37:37.000Z,,0
2024-11-15 20:00,3.54,44,2024-11-15T15:08:52.000Z,2024-11-15T05:37:37.000Z,,0
2024-11-15 21:00,2.38,22,2024-11-15T15:08:52.000Z,2024-11-15T05:37:37.000Z,,0
2024-11-15 22:00,3.07,68,2024-11-15T15:08:52.000Z,2024-11-15T05:37:37.000Z,,0
2024-11-15 23:00,2.59,52,2024-11-15T15:08:52.000Z,2024-11-15T05:37:37.000Z,,0
2024-11-16 00:00,2.34,45,2024-11-16T15:07:52.000Z,2024-11-16T05:38:59.000Z,,0
2024-11-16 01:00,1.86,37,2024-11-16T15:07:52.000Z,2024-11-16T05:38:59.000Z,,0
2024-11-16 02:00,1.47,6,2024-11-16T15:07:52.000Z,2024-11-16T05:38:59.000Z,,0
2024-11-16 03:00,1.29,7,2024-11-16T15:07:52.000Z,2024-11-16T05:38:59.000Z,,0
2024-11-16 04:00,1.1,7,2024-11-16T15:07:52.000Z,2024-11-16T05:38:59.000Z,,0
2024-11-16 05:00,0.91,7,2024-11-16T15:07:52.000Z,2024-11-16T05:38:59.000Z,,0
2024-11-16 06:00,0.73,7,2024-11-16T15:07:52.000Z,2024-11-16T05:38:59.000Z,,0
2024-11-16 07:00,0.86,7,2024-11-16T15:07:52.000Z,2024-11-16T05:38:59.000Z,,1.4721038819999999
2024-11-16 10:00,5.46,12,2024-11-16T15:07:52.000Z,2024-11-16T05:38:59.000Z,,1.429382592
2024-11-16 11:00,6.63,12,2024-11-16T15:07:52.000Z,2024-11-16T05:38:59.000Z,,1.438648992
2024-11-16 12:00,7.48,12,2024-11-16T15:07:52.000Z,2024-11-16T05:38:59.000Z,,1.445380992
2024-11-16 13:00,7.92,12,2024-11-16T15:07:53.000Z,2024-11-16T05:38:59.000Z,,1.4488657919999999
2024-11-16 14:00,8.08,18,2024-11-16T15:07:52.000Z,2024-11-16T05:38:59.000Z,,1.3512514320000002
2024-11-16 15:00,7.75,24,2024-11-16T15:07:52.000Z,2024-11-16T05:38:59.000Z,,1.2501139680000002
2024-11-16 16:00,5.85,21,2024-11-16T15:07:52.000Z,2024-11-16T05:38:59.000Z,,1.285955838
2024-11-16 17:00,4.72,18,2024-11-16T15:07:52.000Z,2024-11-16T05:38:59.000Z,,0
2024-11-16 18:00,4.09,16,2024-11-16T15:07:52.000Z,2024-11-16T05:38:59.000Z,,0
2024-11-16 19:00,3.32,49,2024-11-16T15:07:53.000Z,2024-11-16T05:38:59.000Z,,0
2024-11-16 20:00,2.98,45,2024-11-16T15:07:52.000Z,2024-11-16T05:38:59.000Z,,0
2024-11-16 21:00,2.58,25,2024-11-16T15:07:52.000Z,2024-11-16T05:38:59.000Z,,0
2024-11-16 22:00,2.23,19,2024-11-16T15:07:52.000Z,2024-11-16T05:38:59.000Z,,0
2024-11-18 15:00,9.43,99,2024-11-18T15:05:59.000Z,2024-11-18T05:41:44.000Z,,0.016598718000000012
2024-11-18 17:00,6.33,55,2024-11-18T15:05:59.000Z,2024-11-18T05:41:44.000Z,,0
2024-11-19 17:00,10.52,100,2024-11-19T15:05:06.000Z,2024-11-19T05:43:05.000Z,,0
2024-11-19 19:00,10.52,100,2024-11-19T15:05:06.000Z,2024-11-19T05:43:05.000Z,,0
2024-11-19 20:00,9.96,100,2024-11-19T15:05:06.000Z,2024-11-19T05:43:05.000Z,,0
2024-11-19 21:00,10.52,100,2024-11-19T15:05:06.000Z,2024-11-19T05:43:05.000Z,,0
2024-11-19 22:00,9.96,100,2024-11-19T15:05:06.000Z,2024-11-19T05:43:05.000Z,,0
2024-11-19 23:00,9.4,100,2024-11-19T15:05:06.000Z,2024-11-19T05:43:05.000Z,,0
2024-11-20 00:00,9.4,99,2024-11-19T15:05:06.000Z,2024-11-19T05:43:05.000Z,,0
2024-11-20 01:00,8.85,84,2024-11-20T15:04:14.000Z,2024-11-20T05:44:25.000Z,,0
2024-11-20 02:00,8.29,53,2024-11-20T15:04:14.000Z,2024-11-20T05:44:25.000Z,,0
2024-11-20 03:00,9.4,34,2024-11-20T15:04:14.000Z,2024-11-20T05:44:25.000Z,,0
2024-11-20 05:00,9.4,67,2024-11-20T15:04:14.000Z,2024-11-20T05:44:25.000Z,,0
2024-11-20 06:00,9.4,74,2024-11-20T15:04:14.000Z,2024-11-20T05:44:25.000Z,,0
2024-11-20 07:00,9.96,81,2024-11-20T15:04:14.000Z,2024-11-20T05:44:25.000Z,,0.31628809799999996
2024-11-20 08:00,10.52,100,2024-11-20T15:04:14.000Z,2024-11-20T05:44:25.000Z,,0
2024-11-20 09:00,11.66,100,2024-11-20T15:04:15.000Z,2024-11-20T05:44:25.000Z,,0
2024-11-20 10:00,11.63,100,2024-11-20T15:04:14.000Z,2024-11-20T05:44:25.000Z,,0
2024-11-20 11:00,12.18,100,2024-11-20T15:04:14.000Z,2024-11-20T05:44:25.000Z,,0